nombre;tipo
MARIO;hombre
JESUS;hombre
AITOR;hombre
EVA MARIA;mujer
BRAVO;apellido
DANIEL;hombre
SOTO;apellido
ANA ISABEL;mujer
EMILIO;hombre
PILAR;mujer
CRISTINA;mujer
MARIA ROSARIO;mujer
ANA BELEN;mujer
ESTEBAN;apellido
NICOLAS;hombre
ROMERO;apellido
VICTOR MANUEL;hombre
MUÑOZ;apellido
NEREA;mujer
LUCIA;mujer
JUAN FRANCISCO;hombre
LOPEZ;apellido
SALVADOR;hombre
DIAZ;apellido
MARIA ISABEL;mujer
CESAR;hombre
CATALINA;mujer
MOHAMED;hombre
ROCIO;mujer
IGNACIO;hombre
MENDEZ;apellido
DOMINGUEZ;apellido
SANTANA;apellido
ALEJANDRA;mujer
MARIA SOLEDAD;mujer
JOSEP;hombre
CASTILLO;apellido
FRANCISCA;mujer
NAVARRO;apellido
OLGA;mujer
MIGUEL;hombre
PEÑA;apellido
GIL;apellido
ROJAS;apellido
DIEGO;hombre
VELASCO;apellido
JUAN;hombre
ROSA;mujer
ALICIA;mujer
MORALES;apellido
ANGELA;mujer
ESTHER;mujer
MARQUEZ;apellido
RUBIO;apellido
MOYA;apellido
MEDINA;apellido
MANUEL;hombre
SERRANO;apellido
IKER;hombre
VARGAS;apellido
SUAREZ;apellido
JOSEFA;mujer
ANA MARIA;mujer
JULIO;hombre
SERGIO;hombre
VIDAL;apellido
JAVIER;hombre
SAMUEL;hombre
EMILIA;mujer
MARIA NIEVES;mujer
CABALLERO;apellido
CONCEPCION;mujer
GIMENEZ;apellido
GABRIEL;hombre
GOMEZ;apellido
VICTOR;hombre
FLORES;apellido
HIDALGO;apellido
ARIAS;apellido
JOSE RAMON;hombre
SANTIAGO;apellido
SAEZ;apellido
BLANCO;apellido
MARIA ANGELES;mujer
JOSE IGNACIO;hombre
MARIA;mujer
MARIA JOSEFA;mujer
FRANCISCO JOSE;hombre
ALFONSO;hombre
JOSE MIGUEL;hombre
DOMINGO;hombre
JAIME;hombre
JUAN ANTONIO;hombre
MATEO;hombre
JOSE LUIS;hombre
ALVAREZ;apellido
AGUSTIN;hombre
MARIN;apellido
LEON;apellido
MIGUEL ANGEL;hombre
MONTERO;apellido
PASTOR;apellido
CLAUDIA;mujer
XAVIER;hombre
MARINA;mujer
RUIZ;apellido
CRISTIAN;hombre
RAQUEL;mujer
LUIS MIGUEL;hombre
CLARA;mujer
SANTOS;apellido
JOAN;hombre
LUCAS;hombre
MONTSERRAT;mujer
ENRIQUE;hombre
LORENZO;apellido
MARIA JESUS;mujer
AGUILAR;apellido
IBAÑEZ;apellido
JOSE MANUEL;hombre
ANDREA;mujer
MARIA CONCEPCION;mujer
MERCEDES;mujer
ROSA MARIA;mujer
ROMAN;apellido
JOAQUIN;hombre
ALBA;mujer
SUSANA;mujer
IGLESIAS;apellido
CARMEN;mujer
MARIA DOLORES;mujer
MARGARITA;mujer
LORENA;mujer
LUIS;hombre
ISABEL;mujer
PASCUAL;apellido
PRIETO;apellido
MARTA;mujer
VEGA;apellido
BEATRIZ;mujer
VICENTE;hombre
GUERRERO;apellido
RODRIGUEZ;apellido
IRENE;mujer
GLORIA;mujer
FERNANDO;hombre
MARIA LUISA;mujer
SOLER;apellido
MARIA ELENA;mujer
MARIA CARMEN;mujer
SEBASTIAN;hombre
MARIA VICTORIA;mujer
LAURA;mujer
FRANCISCO;hombre
GARCIA;apellido
ALFREDO;hombre
ORTIZ;apellido
JOSE ANTONIO;hombre
SOFIA;mujer
JORGE;hombre
RAUL;hombre
HECTOR;hombre
NIETO;apellido
CASTRO;apellido
LOZANO;apellido
ELENA;mujer
JUAN CARLOS;hombre
HUGO;hombre
FELIPE;hombre
JUAN LUIS;hombre
CORTES;apellido
MOLINA;apellido
JOSE;hombre
CRUZ;apellido
ROSARIO;mujer
JIMENEZ;apellido
MARIA MAR;mujer
PABLO;hombre
CANO;apellido
DURAN;apellido
RAFAEL;hombre
MARTINA;mujer
GUILLERMO;hombre
MARIA MERCEDES;mujer
FATIMA;mujer
ADRIAN;hombre
JOSE CARLOS;hombre
YOLANDA;mujer
PEREZ;apellido
FRANCISCO JAVIER;hombre
HERRERA;apellido
TOMAS;hombre
GARRIDO;apellido
VICTORIA;mujer
NOELIA;mujer
CONSUELO;mujer
JULIA;mujer
ANDRES;hombre
ANTONIO;hombre
NUÑEZ;apellido
JUAN MANUEL;hombre
GALLEGO;apellido
VERONICA;mujer
ALEJANDRO;hombre
AMPARO;mujer
MARCOS;hombre
OSCAR;hombre
CABRERA;apellido
CARLOS;hombre
GONZALEZ;apellido
GONZALO;hombre
ALBERT;hombre
ANTONIA;mujer
JOSE ANGEL;hombre
ROBERTO;hombre
ALBERTO;hombre
INES;mujer
EVA;mujer
DOLORES;mujer
RAMIREZ;apellido
SARA;mujer
ALEX;hombre
MARIA CRISTINA;mujer
MARIA TERESA;mujer
MIRIAM;mujer
MARIA ROSA;mujer
ANA;mujer
AINHOA;mujer
ANGEL;hombre
MARIA ANTONIA;mujer
MARTINEZ;apellido
ALVARO;hombre
CRESPO;apellido
FERRER;apellido
MARIANO;hombre
RAMOS;apellido
ALONSO;apellido
DAVID;hombre
MARC;hombre
JUAN JOSE;hombre
ENCARNACION;mujer
SANCHEZ;apellido
FUENTES;apellido
JUANA;mujer
RAMON;hombre
MORENO;apellido
VICENTE;apellido
DANIELA;mujer
SONIA;mujer
DIEZ;apellido
TORRES;apellido
ISMAEL;hombre
HERRERO;apellido
JOSE FRANCISCO;hombre
CELIA;mujer
DELGADO;apellido
MARTIN;hombre
INMACULADA;mujer
FERNANDEZ;apellido
RICARDO;hombre
MORA;apellido
JULIAN;hombre
CAMPOS;apellido
JORDI;hombre
SILVIA;mujer
SANTIAGO;hombre
NATALIA;mujer
GUTIERREZ;apellido
SANDRA;mujer
RUBEN;hombre
VAZQUEZ;apellido
PATRICIA;mujer
LIDIA;mujer
GALLARDO;apellido
TERESA;mujer
CARMONA;apellido
MANUELA;mujer
CARRASCO;apellido
EDUARDO;hombre
PARRA;apellido
IVAN;hombre
RODRIGO;hombre
ORTEGA;apellido
MARIA JOSE;mujer
CARLA;mujer
NURIA;mujer
MONICA;mujer
BENITEZ;apellido
JOSE MARIA;hombre
ANGELES;mujer
FELIX;hombre
HERNANDEZ;apellido
REYES;apellido
MARTIN;apellido
SANZ;apellido
CAROLINA;mujer
PAULA;mujer
MARIA PILAR;mujer
CALVO;apellido
PEDRO;hombre
